,Portfolio Vol
2007-01-19,0.016293017840151226
2007-01-26,0.016217693323366974
2007-02-02,0.01600793074012949
2007-02-09,0.015629064012594642
2007-02-16,0.01592314691139149
2007-02-23,0.016037284990101524
2007-03-02,0.016409988375318298
2007-03-09,0.01540253932708296
2007-03-16,0.01552175052299287
2007-03-23,0.016170474296327272
2007-03-30,0.016112133185806666
2007-04-06,0.015609585120026064
2007-04-13,0.015217727276036364
2007-04-20,0.015889996415764263
2007-04-27,0.0154787888619392
2007-05-04,0.01607337764436248
2007-05-11,0.01523332265754622
2007-05-18,0.015494720347983815
2007-05-25,0.015835788005983304
2007-06-01,0.015165594870069412
2007-06-08,0.016547892328130333
2007-06-15,0.01781505780102897
2007-06-22,0.018072116718150073
2007-06-29,0.01807882449686892
2007-07-06,0.01861819433137084
2007-07-13,0.018870642510992824
2007-07-20,0.018976175263774913
2007-07-27,0.018127556753526886
2007-08-03,0.018991241842311067
2007-08-10,0.019176745920053865
2007-08-17,0.01891836480324686
2007-08-24,0.019215932882188976
2007-08-31,0.01999917950304218
2007-09-07,0.02003105833797224
2007-09-14,0.02016862488378137
2007-09-21,0.021749523656292874
2007-09-28,0.02174242213724749
2007-10-05,0.022516490543607978
2007-10-12,0.021589551709477676
2007-10-19,0.02061115540678419
2007-10-26,0.020440138079530584
2007-11-02,0.021018393350478247
2007-11-09,0.02035642387905143
2007-11-16,0.020489714632377115
2007-11-23,0.020091507948563164
2007-11-30,0.02128770056701642
2007-12-07,0.023800114728746612
2007-12-14,0.026185118652459583
2007-12-21,0.026437852522485147
2007-12-28,0.02616624662944481
2008-01-04,0.026183507036185803
2008-01-11,0.02625415047122282
2008-01-18,0.02666307875533014
2008-01-25,0.026185949052377692
2008-02-01,0.02703448181009463
2008-02-08,0.02690120457071452
2008-02-15,0.026731643135554733
2008-02-22,0.026492317386809065
2008-02-29,0.026533803812415498
2008-03-07,0.025543340625166083
2008-03-14,0.02554527952521747
2008-03-21,0.025577085797738437
2008-03-28,0.02518300628998785
2008-04-04,0.023696617084807164
2008-04-11,0.021058006006359545
2008-04-18,0.01947321407376346
2008-04-25,0.019921042775602173
2008-05-02,0.019927147518600863
2008-05-09,0.0195345679573165
2008-05-16,0.020014569802838784
2008-05-23,0.02187867982541022
2008-05-30,0.021068202358863194
2008-06-06,0.021459160485370683
2008-06-13,0.02296650062389448
2008-06-20,0.02387208446856471
2008-06-27,0.023875624225249283
2008-07-04,0.02555013143930735
2008-07-11,0.02821585498340719
2008-07-18,0.028399319396106158
2008-07-25,0.029880446589142663
2008-08-01,0.030949850911407995
2008-08-08,0.032098695831792486
2008-08-15,0.03267145921748276
2008-08-22,0.033347549213498945
2008-08-29,0.03334943652140076
2008-09-05,0.03421794421630668
2008-09-12,0.03405037875601924
2008-09-19,0.03454139279705604
2008-09-26,0.034058235155579965
2008-10-03,0.03391812452548451
2008-10-10,0.03966199166988913
2008-10-17,0.04163109590007754
2008-10-24,0.04139766339341328
2008-10-31,0.04459366168634032
2008-11-07,0.04412296232775064
2008-11-14,0.042941974005794435
2008-11-21,0.04219869352751762
2008-11-28,0.04128123207032453
2008-12-05,0.041319235470689546
2008-12-12,0.04048637440652045
2008-12-19,0.04218124922071299
2008-12-26,0.04116613119458699
2009-01-02,0.04086250836253545
2009-01-09,0.039944206213112066
2009-01-16,0.04027069629251228
2009-01-23,0.03376268321327758
2009-01-30,0.03408877281774593
2009-02-06,0.029447465851619843
2009-02-13,0.025584249942094524
2009-02-20,0.02843322467625644
2009-02-27,0.029249073119213122
2009-03-06,0.027587490567726095
2009-03-13,0.027813880588208068
2009-03-20,0.03154416882321289
2009-03-27,0.03224673098067718
2009-04-03,0.03162219294550565
2009-04-10,0.03167953064922931
2009-04-17,0.03239822103151569
2009-04-24,0.02948387194895925
2009-05-01,0.030302985169782425
2009-05-08,0.030746426123550465
2009-05-15,0.02990043511909429
2009-05-22,0.029178218226181458
2009-05-29,0.02949584374852275
2009-06-05,0.03495788813581249
2009-06-12,0.034896828066338446
2009-06-19,0.03557045700286788
2009-06-26,0.03547354538812755
2009-07-03,0.03509025158323044
2009-07-10,0.03415552100371725
2009-07-17,0.03337571816084589
2009-07-24,0.030772519640502285
2009-07-31,0.03048721114547405
2009-08-07,0.03158876947738109
2009-08-14,0.03157769690319955
2009-08-21,0.032407047385660984
2009-08-28,0.03220884659618461
2009-09-04,0.03500452054036576
2009-09-11,0.03486893009289989
2009-09-18,0.035322648590508335
2009-09-25,0.0347810005025601
2009-10-02,0.034234821225152305
2009-10-09,0.029501136859083253
2009-10-16,0.028946405802049182
2009-10-23,0.028855049636683193
2009-10-30,0.027954725685161077
2009-11-06,0.028166539780756856
2009-11-13,0.028235722287818225
2009-11-20,0.028363302792152552
2009-11-27,0.027746330394032438
2009-12-04,0.028245703627476207
2009-12-11,0.026987169044649418
2009-12-18,0.02619224227943173
2009-12-25,0.025112441826010485
2010-01-01,0.02435455507903015
2010-01-08,0.01899387333357929
2010-01-15,0.018395273770043265
2010-01-22,0.018131414348677745
2010-01-29,0.01822678981438338
2010-02-05,0.01813181889193074
2010-02-12,0.018049943646455808
2010-02-19,0.017698855031748218
2010-02-26,0.017116529216337252
2010-03-05,0.019716751063992066
2010-03-12,0.01959128673908807
2010-03-19,0.019146361502839947
2010-03-26,0.018418132016054817
2010-04-02,0.01830399916049086
2010-04-09,0.017513361122739962
2010-04-16,0.01764469374329205
2010-04-23,0.017549082946654714
2010-04-30,0.017911951511548473
2010-05-07,0.01867387362101167
2010-05-14,0.019365784855695425
2010-05-21,0.020618381783396457
2010-05-28,0.02084787587324238
2010-06-04,0.024589206161948887
2010-06-11,0.025479017689986918
2010-06-18,0.025544895400764985
2010-06-25,0.02535947903006787
2010-07-02,0.025878072758338252
2010-07-09,0.023082011347529876
2010-07-16,0.02323421289395995
2010-07-23,0.023209624424976368
2010-07-30,0.022892116628483495
2010-08-06,0.02311275785643492
2010-08-13,0.022854120841238997
2010-08-20,0.022857460108979943
2010-08-27,0.022810282677974598
2010-09-03,0.023917371218928233
2010-09-10,0.023871106977626767
2010-09-17,0.023835057193147872
2010-09-24,0.022955560368359877
2010-10-01,0.022766422410613652
2010-10-08,0.01870927637072468
2010-10-15,0.018076815684336858
2010-10-22,0.017764154331087415
2010-10-29,0.018451320215867557
2010-11-05,0.017550914906742744
2010-11-12,0.018721685160271635
2010-11-19,0.01813002742505082
2010-11-26,0.01806303941461431
2010-12-03,0.018776150590035484
2010-12-10,0.02090599400454798
2010-12-17,0.021486358943520727
2010-12-24,0.02151754562796139
2010-12-31,0.021951470888453523
2011-01-07,0.022793363379889717
2011-01-14,0.022375961332919327
2011-01-21,0.023134253684034257
2011-01-28,0.022998673415558592
2011-02-04,0.023122528591655898
2011-02-11,0.02277852312452092
2011-02-18,0.022764943330201116
2011-02-25,0.023462463198403373
2011-03-04,0.027968680721833658
2011-03-11,0.027506365551609117
2011-03-18,0.027110668540671463
2011-03-25,0.026790404576428718
2011-04-01,0.027328744834913054
2011-04-08,0.02725081138527744
2011-04-15,0.026201495672478432
2011-04-22,0.025451218191092948
2011-04-29,0.025566572815066763
2011-05-06,0.02510681606811915
2011-05-13,0.02391524419195013
2011-05-20,0.02412768840746507
2011-05-27,0.023609987539564805
2011-06-03,0.025932012427154063
2011-06-10,0.025661791017918576
2011-06-17,0.025285959484272383
2011-06-24,0.025341702674193563
2011-07-01,0.025285715593516746
2011-07-08,0.02106122804032378
2011-07-15,0.021169530979876998
2011-07-22,0.021277053237391104
2011-07-29,0.02205236817424681
2011-08-05,0.02213235379100354
2011-08-12,0.022552856209718437
2011-08-19,0.02270975821369897
2011-08-26,0.022603490820100495
2011-09-02,0.022538000248196435
2011-09-09,0.022280709947568797
2011-09-16,0.023267741065757568
2011-09-23,0.023866157461394675
2011-09-30,0.02373678609214496
2011-10-07,0.02090851136873595
2011-10-14,0.020980031746267343
2011-10-21,0.020732403512526393
2011-10-28,0.020549917288709637
2011-11-04,0.02011563795461009
2011-11-11,0.01842617831909102
2011-11-18,0.01868350059454372
2011-11-25,0.018459488194468934
2011-12-02,0.018659599291669143
2011-12-09,0.016974897936600276
2011-12-16,0.016046479078844766
2011-12-23,0.01598257588352057
2011-12-30,0.016113340849823306
2012-01-06,0.01590522570054325
2012-01-13,0.016034188955417177
2012-01-20,0.014562162907259365
2012-01-27,0.01404625996714911
2012-02-03,0.013640766384315498
2012-02-10,0.013845895973441326
2012-02-17,0.013919914204428903
2012-02-24,0.013986351709792188
2012-03-02,0.014506480558109078
2012-03-09,0.01383575930366699
2012-03-16,0.015062333325961182
2012-03-23,0.014658072504617837
2012-03-30,0.014488607439663119
2012-04-06,0.012930444439978048
2012-04-13,0.01290055324628334
2012-04-20,0.012612105996144858
2012-04-27,0.013033659673511997
2012-05-04,0.012924953627693844
2012-05-11,0.013036424968485238
2012-05-18,0.013227326803515559
2012-05-25,0.013402660878812549
2012-06-01,0.013202758702367737
2012-06-08,0.013237816996356433
2012-06-15,0.013827765984801328
2012-06-22,0.01371492179022585
2012-06-29,0.013809862541379015
2012-07-06,0.01324522347754779
2012-07-13,0.013137677905654026
2012-07-20,0.012176693931299895
2012-07-27,0.011913109175676291
2012-08-03,0.012070489097427204
2012-08-10,0.010875351996574564
2012-08-17,0.010830031953341672
2012-08-24,0.011053628880678507
2012-08-31,0.011023056243423443
2012-09-07,0.011157838298757706
2012-09-14,0.01137636167068313
2012-09-21,0.010975385506873206
2012-09-28,0.010931429743771159
2012-10-05,0.010866038153918685
2012-10-12,0.010923345037107055
2012-10-19,0.010399461124567655
2012-10-26,0.010175414268095106
2012-11-02,0.010319678802983444
2012-11-09,0.009997448057895134
2012-11-16,0.009811256744918855
2012-11-23,0.00975284118753237
2012-11-30,0.008858334233384531
2012-12-07,0.008943480733364886
2012-12-14,0.008625172234939315
2012-12-21,0.008285457734419908
2012-12-28,0.00797323507935192
2013-01-04,0.008045349173023185
2013-01-11,0.007917424196699935
2013-01-18,0.008636852520661821
2013-01-25,0.009032383785798036
2013-02-01,0.009019682199044686
2013-02-08,0.008901795566671759
2013-02-15,0.009194993197853612
2013-02-22,0.008867006795281794
2013-03-01,0.008851016623122538
2013-03-08,0.008632164180814613
2013-03-15,0.008391626434698722
2013-03-22,0.008408700582513895
2013-03-29,0.008293698060012535
2013-04-05,0.008314974429033742
2013-04-12,0.00813295698594967
2013-04-19,0.008080970198916999
2013-04-26,0.008314261093152114
2013-05-03,0.0085175640730693
2013-05-10,0.00810510699179511
2013-05-17,0.008078886337106543
2013-05-24,0.007521840368959045
2013-05-31,0.007310992947230513
2013-06-07,0.008545445446147713
2013-06-14,0.009585019789163157
2013-06-21,0.012762575459020566
2013-06-28,0.014366479015535933
2013-07-05,0.01461450475922128
2013-07-12,0.015189989524238475
2013-07-19,0.01535484973896038
2013-07-26,0.01554873684577455
2013-08-02,0.015716762016094135
2013-08-09,0.015646113928237348
2013-08-16,0.01607322381734215
2013-08-23,0.016438103585606576
2013-08-30,0.016513938430016348
2013-09-06,0.01865442970798184
2013-09-13,0.0190619416358996
2013-09-20,0.020057377424132664
2013-09-27,0.020070787922656992
2013-10-04,0.019948430427686323
2013-10-11,0.01917728210522875
2013-10-18,0.019254476627612576
2013-10-25,0.01737167055903919
2013-11-01,0.016190438494840618
2013-11-08,0.015177296715575172
2013-11-15,0.014495678191933852
2013-11-22,0.014548281415103675
2013-11-29,0.014478594167901464
2013-12-06,0.015572953838258016
2013-12-13,0.016123942389750266
2013-12-20,0.015810205214672964
2013-12-27,0.01550131932576157
2014-01-03,0.015349334661410348
2014-01-10,0.013797378628321633
2014-01-17,0.013536388600428583
2014-01-24,0.01188959726289482
2014-01-31,0.012374819165734293
2014-02-07,0.012848727231529675
2014-02-14,0.012703803465937817
2014-02-21,0.012587814107731285
2014-02-28,0.01242076840445211
2014-03-07,0.014495069310321925
2014-03-14,0.014506509210173598
2014-03-21,0.015488336452030621
2014-03-28,0.015591724382309671
2014-04-04,0.01565977101634999
2014-04-11,0.014646915435690893
2014-04-18,0.01418829964108043
2014-04-25,0.014030312334093777
2014-05-02,0.014344912894984073
2014-05-09,0.014350646540039853
2014-05-16,0.013659487284653703
2014-05-23,0.01344176070155192
2014-05-30,0.013521632199905919
2014-06-06,0.01342221856095314
2014-06-13,0.012630780360188018
2014-06-20,0.012626080644506718
2014-06-27,0.012730457118846631
2014-07-04,0.012577632791581084
2014-07-11,0.010429454566013819
2014-07-18,0.010106864067338153
2014-07-25,0.008469088277378786
2014-08-01,0.008382091785931217
2014-08-08,0.00826109719635155
2014-08-15,0.008414315773674892
2014-08-22,0.007984569601290974
2014-08-29,0.008242849480206524
2014-09-05,0.00807117488374892
2014-09-12,0.007953515985782698
2014-09-19,0.007617164473085653
2014-09-26,0.00778794016374092
2014-10-03,0.00796495300633201
2014-10-10,0.008533127435835921
2014-10-17,0.008468642000846318
2014-10-24,0.008281012966086704
2014-10-31,0.008741469371694446
2014-11-07,0.008830932230057155
2014-11-14,0.008790755936455208
2014-11-21,0.009232096107930804
2014-11-28,0.009211530050091028
2014-12-05,0.009235940930029555
2014-12-12,0.00926537106990055
2014-12-19,0.008765168644263415
2014-12-26,0.008756545059542088
2015-01-02,0.008368900833459503
2015-01-09,0.008115739044140282
2015-01-16,0.008911000426977487
2015-01-23,0.008687168576102865
2015-01-30,0.008934752656503779
2015-02-06,0.008578525411803097
2015-02-13,0.007972124473931882
2015-02-20,0.008660206947766489
2015-02-27,0.008549093948145839
2015-03-06,0.01316413701085587
2015-03-13,0.012934383675702682
2015-03-20,0.013642292407043824
2015-03-27,0.013321754504512473
2015-04-03,0.013375042327821945
2015-04-10,0.013413462788246476
2015-04-17,0.013400013785584463
2015-04-24,0.013389362113524133
2015-05-01,0.014621405110417453
2015-05-08,0.014873076288149063
2015-05-15,0.015079729965278298
2015-05-22,0.014317259539330546
2015-05-29,0.014454368187792202
2015-06-05,0.015086609456873679
2015-06-12,0.015699678214254782
2015-06-19,0.015567875244821908
2015-06-26,0.01535631406852854
2015-07-03,0.014892131195641986
2015-07-10,0.010566869124172784
2015-07-17,0.010850522241347152
2015-07-24,0.009887701500324413
2015-07-31,0.0099243639645881
2015-08-07,0.009933640739418815
2015-08-14,0.009813274008946743
2015-08-21,0.00969433531942841
2015-08-28,0.01014428847694825
2015-09-04,0.009662295502065205
2015-09-11,0.009359053796434081
2015-09-18,0.009270483097563273
2015-09-25,0.009277090199063878
2015-10-02,0.009575896127385693
2015-10-09,0.008948912290883758
2015-10-16,0.008770943209029783
2015-10-23,0.011333598697203693
2015-10-30,0.011093317069995638
2015-11-06,0.011279627540387352
2015-11-13,0.011486760060357197
2015-11-20,0.01138004194200208
2015-11-27,0.011651972869899144
2015-12-04,0.016452492280946297
2015-12-11,0.016536483518635393
2015-12-18,0.01668917497590507
2015-12-25,0.016682743653742373
2016-01-01,0.016645605612690594
2016-01-08,0.015039170137423308
2016-01-15,0.014828513589091862
2016-01-22,0.013549703128027274
2016-01-29,0.014749562586096282
2016-02-05,0.014585748810275835
2016-02-12,0.015170739499170055
2016-02-19,0.015521101150721531
2016-02-26,0.014673192682026819
2016-03-04,0.014501109504473444
2016-03-11,0.015075879817047234
2016-03-18,0.01621927472147588
2016-03-25,0.016403885878695575
2016-04-01,0.017299042166532778
2016-04-08,0.012592442945256133
2016-04-15,0.012679124139979916
2016-04-22,0.012560623472383963
2016-04-29,0.013116835986203864
2016-05-06,0.013325769696726946
2016-05-13,0.0131789848334465
2016-05-20,0.013597163417348611
2016-05-27,0.01395502565427364
2016-06-03,0.013578200040363784
2016-06-10,0.013375933603572381
2016-06-17,0.013475220020357481
2016-06-24,0.012951268986889272
2016-07-01,0.012898217304042926
2016-07-08,0.012872319685520193
2016-07-15,0.010663279525261355
2016-07-22,0.010313661112548967
2016-07-29,0.010449650853181246
2016-08-05,0.010538544506477754
2016-08-12,0.010864631225601551
2016-08-19,0.010789092590154337
2016-08-26,0.010867934774024755
2016-09-02,0.010733233126337428
2016-09-09,0.011962145382947072
2016-09-16,0.012186455606247563
2016-09-23,0.011926337339428297
2016-09-30,0.01167481883127299
2016-10-07,0.010564450597662933
2016-10-14,0.010806177724966427
2016-10-21,0.010551028904511647
2016-10-28,0.011182239301647351
2016-11-04,0.011005867056853576
2016-11-11,0.010980927560884446
2016-11-18,0.011215350419968503
2016-11-25,0.012001937728756445
2016-12-02,0.014047819251343126
2016-12-09,0.014326307190531523
2016-12-16,0.01415174134304121
2016-12-23,0.014362412400327266
2016-12-30,0.014223027378580548
2017-01-06,0.013309418000617506
2017-01-13,0.012162314234466684
2017-01-20,0.011987710556734973
2017-01-27,0.012068923096752731
2017-02-03,0.012054210006581198
2017-02-10,0.012821502195329267
2017-02-17,0.012922292788424352
2017-02-24,0.013232859374410664
2017-03-03,0.01690603052576941
2017-03-10,0.016831879913877877
2017-03-17,0.01629635559401941
2017-03-24,0.0165633862694875
2017-03-31,0.01662774932643615
2017-04-07,0.014938055856955828
2017-04-14,0.013955446010527025
2017-04-21,0.01330092151802454
2017-04-28,0.013061913532559515
2017-05-05,0.013171644309005835
2017-05-12,0.013283953071105232
2017-05-19,0.01334480270590486
2017-05-26,0.013352138832894553
2017-06-02,0.013278610929741183
2017-06-09,0.013402363315609945
2017-06-16,0.014069727915945608
2017-06-23,0.01398638841115854
2017-06-30,0.015137451842625643
2017-07-07,0.01235305559868289
2017-07-14,0.012713628543632975
2017-07-21,0.012045321920986521
2017-07-28,0.012198278283096673
2017-08-04,0.01184166278593137
2017-08-11,0.011182532442928257
2017-08-18,0.011183250475348754
2017-08-25,0.010997419506227072
2017-09-01,0.012240490019946492
2017-09-08,0.012761474483530042
2017-09-15,0.012575995139746858
2017-09-22,0.01257040868264057
2017-09-29,0.012361338265736174
2017-10-06,0.012381423267438485
2017-10-13,0.01239735419530394
2017-10-20,0.011477839384675378
2017-10-27,0.012161059298117238
2017-11-03,0.010651031176938984
2017-11-10,0.010875269920045018
2017-11-17,0.010405607252948312
2017-11-24,0.01041971230776413
2017-12-01,0.010818494867449593
2017-12-08,0.010326740433987557
2017-12-15,0.010787172032336343
2017-12-22,0.010882937038067031
2017-12-29,0.010689827217545368
2018-01-05,0.009311292293516883
2018-01-12,0.008587263864043952
2018-01-19,0.0083589728990962
2018-01-26,0.008737514258772039
2018-02-02,0.008533689133488601
2018-02-09,0.008547456535471487
2018-02-16,0.008487398379812052
2018-02-23,0.008846034095807231
2018-03-02,0.011323819427777557
2018-03-09,0.011557843801624158
2018-03-16,0.011582184243274197
2018-03-23,0.01156422277026834
2018-03-30,0.011886223110333551
2018-04-06,0.011707169034011962
2018-04-13,0.011576411155183814
2018-04-20,0.011293152224487265
2018-04-27,0.011297642971610837
2018-05-04,0.011154419861675606
2018-05-11,0.01121999304610695
2018-05-18,0.01148386959669634
2018-05-25,0.012093689149631782
2018-06-01,0.01563476890887292
2018-06-08,0.01579353339532855
2018-06-15,0.016075378170175073
2018-06-22,0.01592283201649237
2018-06-29,0.015595981236473667
2018-07-06,0.012763940649139322
2018-07-13,0.012840175811753823
2018-07-20,0.012878149354339554
2018-07-27,0.01263238293861972
2018-08-03,0.012453306911239616
2018-08-10,0.012405840800452447
2018-08-17,0.012573063175780464
2018-08-24,0.012500234404923401
2018-08-31,0.01219068455674029
2018-09-07,0.01356022364977678
2018-09-14,0.013533978385885836
2018-09-21,0.013586375234324724
2018-09-28,0.013456305937260125
2018-10-05,0.011136552235287926
2018-10-12,0.01097408295608113
2018-10-19,0.010471861682748562
2018-10-26,0.010398263998807637
2018-11-02,0.010449390401599035
2018-11-09,0.010313039267542798
2018-11-16,0.010464862233792999
2018-11-23,0.010523579236148654
2018-11-30,0.010538623143487136
2018-12-07,0.00979057112551934
2018-12-14,0.009655219588741593
2018-12-21,0.010025167974688403
2018-12-28,0.01045367668693547
2019-01-04,0.010716131458359144
2019-01-11,0.009657996206253967
2019-01-18,0.009796915390517249
2019-01-25,0.009541950825470711
2019-02-01,0.009205668438681725
2019-02-08,0.008004911695840796
2019-02-15,0.00747088352077514
2019-02-22,0.007516488812781873
2019-03-01,0.008076418768122125
2019-03-08,0.008304401869395317
2019-03-15,0.00847826364618003
2019-03-22,0.008402042991361755
2019-03-29,0.008872714961303336
2019-04-05,0.008775987002117708
2019-04-12,0.009491039954546603
2019-04-19,0.00948638842396872
2019-04-26,0.008974484491261316
2019-05-03,0.008979737763392582
2019-05-10,0.008808760667587812
2019-05-17,0.008869223059034325
2019-05-24,0.008716100261805044
2019-05-31,0.008839744196783638
2019-06-07,0.009553728916318295
2019-06-14,0.009603188455291005
2019-06-21,0.011591119871447527
2019-06-28,0.011585887511343951
2019-07-05,0.011359624458744864
2019-07-12,0.01175215418214987
2019-07-19,0.011630336260636576
2019-07-26,0.011750793505175291
2019-08-02,0.011452373561405537
2019-08-09,0.011254707633590792
2019-08-16,0.011154906080388676
2019-08-23,0.01173265903215185
2019-08-30,0.011834618062757145
2019-09-06,0.011908256688998326
2019-09-13,0.01436506496833376
2019-09-20,0.014225367682331224
2019-09-27,0.014383901839855823
2019-10-04,0.014490267493555203
2019-10-11,0.014414983003989804
2019-10-18,0.014458254188332806
2019-10-25,0.013028326435251423
2019-11-01,0.012781062741289578
2019-11-08,0.012413605579350192
2019-11-15,0.012033675678627159
2019-11-22,0.012242061509007075
2019-11-29,0.012141839653120934
2019-12-06,0.011863157789468516
2019-12-13,0.012328190670478457
2019-12-20,0.011955452416470412
2019-12-27,0.01183006418792149
2020-01-03,0.01207100870835256
2020-01-10,0.012180870919233245
2020-01-17,0.009885070746717956
2020-01-24,0.00983323990814142
2020-01-31,0.009703637541827036
2020-02-07,0.009005272844944614
2020-02-14,0.008353448326227487
2020-02-21,0.008478842285271288
2020-02-28,0.008900587737663519
2020-03-06,0.0105330301501512
2020-03-13,0.011954860200566398
2020-03-20,0.01679496831759591
2020-03-27,0.017285612008788948
2020-04-03,0.017909425194105967
2020-04-10,0.018124611407640923
2020-04-17,0.01813990376575935
2020-04-24,0.01831472751528943
2020-05-01,0.01851936596283383
2020-05-08,0.018553832442118858
2020-05-15,0.018479933184319407
2020-05-22,0.018506453891229187
2020-05-29,0.01847158777000844
2020-06-05,0.01841891492991986
2020-06-12,0.018700666218469768
2020-06-19,0.018805788735975267
2020-06-26,0.018839112966082545
2020-07-03,0.018392336187402752
2020-07-10,0.016398001511979936
2020-07-17,0.015210868760848444
2020-07-24,0.00939877249465093
2020-07-31,0.009376157783779536
2020-08-07,0.009577780543107418
2020-08-14,0.009484190465930976
2020-08-21,0.008713435855530645
2020-08-28,0.008762694099545831
2020-09-04,0.00902115005832123
2020-09-11,0.008419703550465387
2020-09-18,0.008368181922447005
2020-09-25,0.008370414520076341
2020-10-02,0.008458151696541683
2020-10-09,0.007740472651490205
2020-10-16,0.006530103570650565
2020-10-23,0.0065685597823615495
2020-10-30,0.0065260946146240085
2020-11-06,0.006387445623464131
2020-11-13,0.006456708244171481
2020-11-20,0.0066142102861452955
2020-11-27,0.006564934968208573
2020-12-04,0.006618771581513107
2020-12-11,0.006358090367156685
2020-12-18,0.006099759228149867
2020-12-25,0.006195879107862996
2021-01-01,0.0056913376398654465
2021-01-08,0.005118942094460441
2021-01-15,0.005176823970356859
2021-01-22,0.005184509097395461
2021-01-29,0.005087246469846367
2021-02-05,0.0049086150892406945
2021-02-12,0.004749166013073492
2021-02-19,0.004980570280230454
2021-02-26,0.007602370565782744
2021-03-05,0.007838951111364251
2021-03-12,0.00824762236891075
2021-03-19,0.008500521729263237
2021-03-26,0.00847892593069431
2021-04-02,0.008585265699483355
2021-04-09,0.008570057905351931
2021-04-16,0.008780971671213585
2021-04-23,0.008736697769208927
2021-04-30,0.008765851828940968
2021-05-07,0.008730787580831576
2021-05-14,0.008985602878325049
2021-05-21,0.008833020086138727
2021-05-28,0.008977772328397884
2021-06-04,0.008904748318246385
2021-06-11,0.009139064595842464
2021-06-18,0.00998687345164555
2021-06-25,0.009825358150432704
2021-07-02,0.007779567124201943
2021-07-09,0.007510883299846622
2021-07-16,0.00698438937292425
2021-07-23,0.00741441516225523
2021-07-30,0.007545932754946535
2021-08-06,0.007642028572496934
2021-08-13,0.007585448798807332
2021-08-20,0.007210712883756919
2021-08-27,0.007307713337332006
2021-09-03,0.007536795217525796
2021-09-10,0.008098324580635854
2021-09-17,0.00753189041461115
2021-09-24,0.007366894234246932
2021-10-01,0.007287704552231055
2021-10-08,0.00790145081470917
2021-10-15,0.00840657555215799
2021-10-22,0.010278799807530306
2021-10-29,0.010514339504048908
2021-11-05,0.012188542593084094
2021-11-12,0.01386682140999327
2021-11-19,0.0141902636014198
2021-11-26,0.013912543915105335
2021-12-03,0.016161364895929828
2021-12-10,0.015710413724413494
2021-12-17,0.01611184247836165
2021-12-24,0.01597689762552176
2021-12-31,0.01581636251944454
2022-01-07,0.016131445175387896
2022-01-14,0.016438733156697687
2022-01-21,0.016779392458713984
2022-01-28,0.017256770936734566
2022-02-04,0.01998472544193258
2022-02-11,0.02296115613536608
2022-02-18,0.02372833481558296
2022-02-25,0.02370317867315726
2022-03-04,0.025896187599253575
2022-03-11,0.027109476199271607
2022-03-18,0.027289186822799374
2022-03-25,0.028764741289022816
2022-04-01,0.02868544699707803
2022-04-08,0.028521945423567088
2022-04-15,0.02926422643684029
2022-04-22,0.0306358221674581
2022-04-29,0.0315090842205766
2022-05-06,0.033501083176737424
2022-05-13,0.034105227741752606
2022-05-20,0.03448687907778904
2022-05-27,0.03487240280676895
2022-06-03,0.039643224615694396
2022-06-10,0.04122753415988057
2022-06-17,0.04993283601947693
2022-06-24,0.05149220937928458
2022-07-01,0.052639103732145864
2022-07-08,0.05211418306579946
2022-07-15,0.050826504190406456
2022-07-22,0.05105034572798435
2022-07-29,0.05068685979430788
2022-08-05,0.05292059120969837
2022-08-12,0.05280221122207297
2022-08-19,0.05270665920704569
2022-08-26,0.05329770425004899
2022-09-02,0.05486703735282878
2022-09-09,0.0543892080798735
2022-09-16,0.05554575912358394
2022-09-23,0.05640082886069445
2022-09-30,0.057684456062922516
2022-10-07,0.05839586183684775
2022-10-14,0.05711723814419657
2022-10-21,0.05007582396213902
2022-10-28,0.050188385655171676
2022-11-04,0.05049995929268832
2022-11-11,0.05313887702371778
2022-11-18,0.053896737632490074
2022-11-25,0.05296793100985734
2022-12-02,0.053535931696454486
2022-12-09,0.05164485275561748
2022-12-16,0.05309514570312788
2022-12-23,0.053193681745409255
2022-12-30,0.052020876359949036
2023-01-06,0.05174827969164238
2023-01-13,0.05144114542963703
2023-01-20,0.05056092415278101
2023-01-27,0.04838707022072495
2023-02-03,0.04810546966869614
2023-02-10,0.04437662989752784
2023-02-17,0.04398078225664954
2023-02-24,0.042414085128333626
2023-03-03,0.04082097779097025
2023-03-10,0.04003766788775478
2023-03-17,0.04171732277849746
2023-03-24,0.041750961900010104
2023-03-31,0.042960753897663934
2023-04-07,0.040989656984923746
2023-04-14,0.04102135473679678
2023-04-21,0.03762334326263783
2023-04-28,0.036506452070514346
2023-05-05,0.03589468329222792
2023-05-12,0.032921504271069206
2023-05-19,0.03227024213876522
2023-05-26,0.034094785989422026
2023-06-02,0.03644861686626676
2023-06-09,0.035652225816593476
2023-06-16,0.03475821376270306
2023-06-23,0.03537331670708742
2023-06-30,0.034056614961139216
2023-07-07,0.036308085152562515
2023-07-14,0.03901015379132269
2023-07-21,0.03495071730507824
2023-07-28,0.03425811389085004
2023-08-04,0.032954560585816126
2023-08-11,0.033211291301143274
2023-08-18,0.033189508056991196
2023-08-25,0.03454199926307869
2023-09-01,0.034831256098853736
2023-09-08,0.03501401042004684
2023-09-15,0.0347361069280525
2023-09-22,0.03477140684014102
2023-09-29,0.03425594716334015
2023-10-06,0.03272133956201354
2023-10-13,0.03263224229184779
2023-10-20,0.03276869569955112
2023-10-27,0.03248734492863899
2023-11-03,0.03296175382432787
2023-11-10,0.032167157673716536
2023-11-17,0.030813434595937716
2023-11-24,0.030186382395473384
2023-12-01,0.03545137293356117
2023-12-08,0.03566328933740087
2023-12-15,0.03633128597735967
2023-12-22,0.035808699275484045
2023-12-29,0.03500802167861523
2024-01-05,0.03460572946453224
2024-01-12,0.034614506088934
2024-01-19,0.036296334560024374
2024-01-26,0.03636337232761551
2024-02-02,0.03690863115703888
2024-02-09,0.03664337881147639
2024-02-16,0.036630088760131976
2024-02-23,0.03533387733469254
2024-03-01,0.03845508566764384
2024-03-08,0.036544247106829644
2024-03-15,0.03714071250413143
2024-03-22,0.03632918017213145
2024-03-29,0.036624275946744285
2024-04-05,0.03423225228063302
2024-04-12,0.034579377065676556
2024-04-19,0.03405757076402414
2024-04-26,0.03487845694860991
2024-05-03,0.03615179316182941
2024-05-10,0.03522779759576764
2024-05-17,0.03504261001747703
2024-05-24,0.03349924656546438
2024-05-31,0.03341797921481461
2024-06-07,0.03480798981707135
2024-06-14,0.03396129474820608
2024-06-21,0.0333148167492331
2024-06-28,0.033366912321148905
2024-07-05,0.028998601354674417
2024-07-12,0.029492977932455772
2024-07-19,0.029426538426319135
2024-07-26,0.028968453895433118
2024-08-02,0.029674303160923912
2024-08-09,0.03020932561370688
2024-08-16,0.029282566197960064
2024-08-23,0.028949050821328075
2024-08-30,0.02838140553208836
2024-09-06,0.02631021919645141
2024-09-13,0.026270340244262697
2024-09-20,0.026329731909233125
2024-09-27,0.027866331837422292
2024-10-04,0.027947236151027427
2024-10-11,0.02555205784416796
2024-10-18,0.0248578673860283
2024-10-25,0.025996845679880323
2024-11-01,0.027774202630614444
2024-11-08,0.027356057922468913
2024-11-15,0.027331126292486102
2024-11-22,0.026894418183150855
2024-11-29,0.027222728757775518
2024-12-06,0.02801159030653606
2024-12-13,0.02742973488898065
2024-12-20,0.027942469580085685
2024-12-27,0.027091483781216074
2025-01-03,0.027086808217124895
2025-01-10,0.02758993072575269
2025-01-17,0.028859023381708617
2025-01-24,0.0282993295021719
2025-01-31,0.026631321396589167
2025-02-07,0.025480401669337762
2025-02-14,0.025443833560520088
2025-02-21,0.02589857623609806
2025-02-28,0.024822630320022805
2025-03-07,0.02607966543454162
2025-03-14,0.025815297802579986
2025-03-21,0.02547389751191195
2025-03-28,0.025262066611059
2025-04-04,0.02458518862534968
2025-04-11,0.022868628375870465
2025-04-18,0.02339693795256506
2025-04-25,0.02300186184728796
2025-05-02,0.02334075608317537
2025-05-09,0.02346272851128637
2025-05-16,0.023025909457447247
2025-05-23,0.022436653372028176
2025-05-30,0.022340700802085906
2025-06-06,0.022805978040469077
2025-06-13,0.023362583975855493
2025-06-20,0.022812013776499697
2025-06-27,0.02278549527341815
2025-07-04,0.02232449669814381
2025-07-11,0.019494784845685332
2025-07-18,0.019118178033835507
2025-07-25,0.019342603167770454
2025-08-01,0.019857563180916887
2025-08-08,0.01979519068245731
2025-08-15,0.019371585567153623
2025-08-22,0.01840327196474942
2025-08-29,0.01750688357131611
2025-09-05,0.017622141533463066
2025-09-12,0.017241326430927448
2025-09-19,0.016792064833572883
2025-09-26,0.01619080254969223
2025-10-03,0.01641952713268977
2025-10-10,0.015059685298716778
2025-10-17,0.014881074148999134
2025-10-24,0.015058348916037774
2025-10-31,0.014698822772907669
2025-11-07,0.014791775453293446
2025-11-14,0.014908488542276768
2025-11-21,0.014569404116912809
2025-11-28,0.014069632102930945
2025-12-05,0.013732117212408971
2025-12-12,0.013896931910431568
2025-12-19,0.01280147132735634
2025-12-26,0.011698003446656858
2026-01-02,0.011832212374985997
2026-01-09,0.01185089578688491
2026-01-16,0.012031582422859326
2026-01-23,0.011609134619930218
2026-01-30,0.011682399670432617
2026-02-06,0.011216329164397175
2026-02-13,0.011552770238019412
2026-02-20,0.010345665904884706
2026-02-27,0.010588446892078808
2026-03-06,0.014099850988032276
2026-03-13,0.01587621690605823
2026-03-20,0.021662252373464266
